{
    "FechaReporte": "2025-11-13",
    "SemanaReporte": 46,
    "Registros": [
        {
            "Correlativo": 1,
            "TematicaGeneral": "Descripción proyecto",
            "Tematica": "Cartografía",
            "Componente": "Descripción proyecto",
            "Subcontrato": "OWNER TEAM",
            "Revisor": "Oscar Perez",
            "Elaborador": "Tomás Fernández",
            "Estado": "En elaboración",
            "FechaEntrega": "2025-11-28"
        },
        {
            "Correlativo": 2,
            "TematicaGeneral": "Descripción proyecto",
            "Tematica": "Mano de obra",
            "Componente": "Descripción proyecto",
            "Subcontrato": "OWNER TEAM",
            "Revisor": "Vivian Hernandez",
            "Elaborador": "Nicolas Ibañez",
            "Estado": "En revisor técnico",
            "FechaEntrega": "2025-11-07"
        },
        {
            "Correlativo": 3,
            "TematicaGeneral": "Misceláneas",
            "Tematica": "Permisos",
            "Componente": "Descripción proyecto",
            "Subcontrato": "OWNER TEAM",
            "Revisor": "Vivian Hernandez",
            "Elaborador": "Nicolas Ibañez",
            "Estado": "En revisor técnico",
            "FechaEntrega": "2025-11-07"
        },
        {
            "Correlativo": 4,
            "TematicaGeneral": "Descripción proyecto",
            "Tematica": "Uso agua desalinizada",
            "Componente": "Descripción proyecto",
            "Subcontrato": "OWNER TEAM",
            "Revisor": "Vivian Hernandez",
            "Elaborador": "Nicolas Ibañez",
            "Estado": "En revisor técnico",
            "FechaEntrega": "2025-11-07"
        },
        {
            "Correlativo": 5,
            "TematicaGeneral": "Descripción proyecto",
            "Tematica": "Uso agua desalinizada",
            "Componente": "Descripción proyecto",
            "Subcontrato": "OWNER TEAM",
            "Revisor": "Vivian Hernandez",
            "Elaborador": "Nicolas Ibañez",
            "Estado": "En revisor técnico",
            "FechaEntrega": "2025-11-07"
        },
        {
            "Correlativo": 6,
            "TematicaGeneral": "Descripción proyecto",
            "Tematica": "Uso agua desalinizada",
            "Componente": "Descripción proyecto",
            "Subcontrato": "OWNER TEAM",
            "Revisor": "Vivian Hernandez",
            "Elaborador": "Nicolas Ibañez",
            "Estado": "En revisor técnico",
            "FechaEntrega": "2025-11-07"
        },
        {
            "Correlativo": 7,
            "TematicaGeneral": "Medio humano",
            "Tematica": "Reevaluar Área influencia",
            "Componente": "Medio humano",
            "Subcontrato": "Medio Humano",
            "Revisor": "Vivian Hernandez",
            "Elaborador": "Gloria Arriagada",
            "Estado": "En cartografía",
            "FechaEntrega": "2025-11-28"
        },
        {
            "Correlativo": 8,
            "TematicaGeneral": "Fauna (Chinchilla)",
            "Tematica": "Reevaluar Área influencia",
            "Componente": "Fauna",
            "Subcontrato": "AMS - Chinchilla",
            "Revisor": "Chi-le Sun",
            "Elaborador": "hugodiazcl",
            "Estado": "En elaboración",
            "FechaEntrega": "2025-12-30"
        },
        {
            "Correlativo": 9,
            "TematicaGeneral": "Medio marino",
            "Tematica": "Mención anexo",
            "Componente": "Medio marino",
            "Subcontrato": "MARISOL - Medio marino",
            "Revisor": "Vivian Hernandez",
            "Elaborador": "marisolcastrof",
            "Estado": "En editorial",
            "FechaEntrega": "2025-11-07"
        },
        {
            "Correlativo": 10,
            "TematicaGeneral": "Fauna (Chinchilla)",
            "Tematica": "LdB Fauna",
            "Componente": "Fauna",
            "Subcontrato": "OWNER TEAM",
            "Revisor": "Vivian Hernandez",
            "Elaborador": "Chi-le Sun",
            "Estado": "En elaboración",
            "FechaEntrega": "2025-11-28"
        },
        {
            "Correlativo": 11,
            "TematicaGeneral": "Fauna (Chinchilla)",
            "Tematica": "LdB Fauna",
            "Componente": "Fauna",
            "Subcontrato": "AMS - Chinchilla",
            "Revisor": "Vivian Hernandez",
            "Elaborador": "hugodiazcl",
            "Estado": "En elaboración",
            "FechaEntrega": "2025-12-30"
        },
        {
            "Correlativo": 12,
            "TematicaGeneral": "Fauna (Chinchilla)",
            "Tematica": "LdB Fauna",
            "Componente": "Fauna",
            "Subcontrato": "AMS - Chinchilla",
            "Revisor": "Chi-le Sun",
            "Elaborador": "hugodiazcl",
            "Estado": "En elaboración",
            "FechaEntrega": "2025-12-30"
        },
        {
            "Correlativo": 13,
            "TematicaGeneral": "Fauna",
            "Tematica": "LdB Fauna",
            "Componente": "Fauna",
            "Subcontrato": "HUGO DÍAZ - Microrruteo y avifauna",
            "Revisor": "Chi-le Sun",
            "Elaborador": "hugodiazcl",
            "Estado": "En elaboración",
            "FechaEntrega": "2025-11-07"
        },
        {
            "Correlativo": 14,
            "TematicaGeneral": "Fauna",
            "Tematica": "LdB Fauna",
            "Componente": "Fauna",
            "Subcontrato": "HUGO DÍAZ - Microrruteo y avifauna",
            "Revisor": "Chi-le Sun",
            "Elaborador": "hugodiazcl",
            "Estado": "En elaboración",
            "FechaEntrega": "2025-11-07"
        },
        {
            "Correlativo": 15,
            "TematicaGeneral": "Medio marino",
            "Tematica": "Riesgo ecológico",
            "Componente": "Medio marino",
            "Subcontrato": "MARISOL - Medio marino",
            "Revisor": "Vivian Hernandez",
            "Elaborador": "marisolcastrof",
            "Estado": "En elaboración",
            "FechaEntrega": "2025-11-14"
        },
        {
            "Correlativo": 16,
            "TematicaGeneral": "GGP",
            "Tematica": "Ldb GGP",
            "Componente": "GGP",
            "Subcontrato": "EDZ - Remoción en masa",
            "Revisor": "Chi-le Sun",
            "Elaborador": "Nicolas Ibañez",
            "Estado": "En elaboración",
            "FechaEntrega": "2025-11-28"
        },
        {
            "Correlativo": 17,
            "TematicaGeneral": "GGP",
            "Tematica": "Ldb GGP",
            "Componente": "GGP",
            "Subcontrato": "EDZ - Remoción en masa",
            "Revisor": "Chi-le Sun",
            "Elaborador": "Nicolas Ibañez",
            "Estado": "En elaboración",
            "FechaEntrega": "2025-11-28"
        },
        {
            "Correlativo": 18,
            "TematicaGeneral": "Medio humano",
            "Tematica": "Ldb Medio Humano",
            "Componente": "Medio humano",
            "Subcontrato": "Medio Humano",
            "Revisor": "Vivian Hernandez",
            "Elaborador": "Gloria Arriagada",
            "Estado": "En editorial",
            "FechaEntrega": "2025-11-07"
        },
        {
            "Correlativo": 19,
            "TematicaGeneral": "Calidad aire, emisiones",
            "Tematica": "Emisiones",
            "Componente": "Calidad aire, emisiones",
            "Subcontrato": "SUBCONTRATO CALIDAD DEL AIRE",
            "Revisor": "Ivonne Quintana",
            "Elaborador": "mariana.garcia",
            "Estado": "En elaboración",
            "FechaEntrega": "2025-11-28"
        },
        {
            "Correlativo": 20,
            "TematicaGeneral": "Medio humano",
            "Tematica": "Ldb Medio Humano",
            "Componente": "Medio humano",
            "Subcontrato": "Medio Humano",
            "Revisor": "Vivian Hernandez",
            "Elaborador": "Gloria Arriagada",
            "Estado": "En editorial",
            "FechaEntrega": "2025-11-07"
        },
        {
            "Correlativo": 21,
            "TematicaGeneral": "Medio humano",
            "Tematica": "Ldb Medio Humano",
            "Componente": "Medio humano",
            "Subcontrato": "Medio Humano",
            "Revisor": "Vivian Hernandez",
            "Elaborador": "Gloria Arriagada",
            "Estado": "En elaboración",
            "FechaEntrega": "2025-12-05"
        },
        {
            "Correlativo": 22,
            "TematicaGeneral": "Medio humano",
            "Tematica": "Ldb Medio Humano",
            "Componente": "Medio humano indígena",
            "Subcontrato": "Medio Humano",
            "Revisor": "Vivian Hernandez",
            "Elaborador": "Gloria Arriagada",
            "Estado": "En elaboración",
            "FechaEntrega": "2025-12-05"
        },
        {
            "Correlativo": 23,
            "TematicaGeneral": "Medio humano",
            "Tematica": "Ldb Medio Humano",
            "Componente": "Medio humano indígena",
            "Subcontrato": "Medio Humano",
            "Revisor": "Vivian Hernandez",
            "Elaborador": "Gloria Arriagada",
            "Estado": "En editorial",
            "FechaEntrega": "2025-11-07"
        },
        {
            "Correlativo": 24,
            "TematicaGeneral": "Medio humano",
            "Tematica": "Ldb Medio Humano",
            "Componente": "Medio humano",
            "Subcontrato": "Medio Humano",
            "Revisor": "Vivian Hernandez",
            "Elaborador": "Gloria Arriagada",
            "Estado": "En elaboración",
            "FechaEntrega": "2025-12-05"
        },
        {
            "Correlativo": 25,
            "TematicaGeneral": "Medio humano",
            "Tematica": "Ldb Medio Humano",
            "Componente": "Medio humano",
            "Subcontrato": "Medio Humano",
            "Revisor": "Vivian Hernandez",
            "Elaborador": "Gloria Arriagada",
            "Estado": "En elaboración",
            "FechaEntrega": "2025-11-28"
        },
        {
            "Correlativo": 26,
            "TematicaGeneral": "Medio humano",
            "Tematica": "Ldb Medio Humano",
            "Componente": "Medio humano",
            "Subcontrato": "Medio Humano",
            "Revisor": "Vivian Hernandez",
            "Elaborador": "Gloria Arriagada",
            "Estado": "En elaboración",
            "FechaEntrega": "2025-11-28"
        },
        {
            "Correlativo": 27,
            "TematicaGeneral": "Medio humano",
            "Tematica": "Ldb Medio Humano",
            "Componente": "Medio humano",
            "Subcontrato": "Medio Humano",
            "Revisor": "Vivian Hernandez",
            "Elaborador": "Gloria Arriagada",
            "Estado": "En elaboración",
            "FechaEntrega": "2025-11-28"
        },
        {
            "Correlativo": 28,
            "TematicaGeneral": "Medio humano",
            "Tematica": "Ldb Medio Humano",
            "Componente": "Medio humano",
            "Subcontrato": "Medio Humano",
            "Revisor": "Vivian Hernandez",
            "Elaborador": "Gloria Arriagada",
            "Estado": "En elaboración",
            "FechaEntrega": "2025-11-28"
        },
        {
            "Correlativo": 29,
            "TematicaGeneral": "Medio humano",
            "Tematica": "Ldb Medio Humano",
            "Componente": "Medio humano",
            "Subcontrato": "Medio Humano",
            "Revisor": "Vivian Hernandez",
            "Elaborador": "Gloria Arriagada",
            "Estado": "En elaboración",
            "FechaEntrega": "2025-11-28"
        },
        {
            "Correlativo": 30,
            "TematicaGeneral": "Medio humano",
            "Tematica": "Ldb Medio Humano",
            "Componente": "Medio humano",
            "Subcontrato": "Medio Humano",
            "Revisor": "Vivian Hernandez",
            "Elaborador": "Gloria Arriagada",
            "Estado": "En elaboración",
            "FechaEntrega": "2025-12-12"
        },
        {
            "Correlativo": 31,
            "TematicaGeneral": "Medio humano",
            "Tematica": "Ldb Medio Humano",
            "Componente": "Medio humano indígena",
            "Subcontrato": "Medio Humano",
            "Revisor": "Vivian Hernandez",
            "Elaborador": "Gloria Arriagada",
            "Estado": "En editorial",
            "FechaEntrega": "2025-11-07"
        },
        {
            "Correlativo": 32,
            "TematicaGeneral": "Medio humano",
            "Tematica": "Ldb Medio Humano",
            "Componente": "Medio humano",
            "Subcontrato": "Medio Humano",
            "Revisor": "Vivian Hernandez",
            "Elaborador": "Gloria Arriagada",
            "Estado": "En elaboración",
            "FechaEntrega": "2025-11-28"
        },
        {
            "Correlativo": 33,
            "TematicaGeneral": "Medio humano",
            "Tematica": "Ldb Medio Humano",
            "Componente": "Medio humano",
            "Subcontrato": "Medio Humano",
            "Revisor": "Vivian Hernandez",
            "Elaborador": "Gloria Arriagada",
            "Estado": "En editorial",
            "FechaEntrega": "2025-11-07"
        },
        {
            "Correlativo": 34,
            "TematicaGeneral": "Medio humano",
            "Tematica": "Ldb Medio Humano",
            "Componente": "Medio humano",
            "Subcontrato": "Medio Humano",
            "Revisor": "Vivian Hernandez",
            "Elaborador": "Gloria Arriagada",
            "Estado": "En elaboración",
            "FechaEntrega": "2025-11-28"
        },
        {
            "Correlativo": 35,
            "TematicaGeneral": "Medio humano",
            "Tematica": "Ldb Medio Humano",
            "Componente": "Medio humano",
            "Subcontrato": "Medio Humano",
            "Revisor": "Vivian Hernandez",
            "Elaborador": "Gloria Arriagada",
            "Estado": "En elaboración",
            "FechaEntrega": "2025-11-28"
        },
        {
            "Correlativo": 36,
            "TematicaGeneral": "Medio humano",
            "Tematica": "Ldb Medio Humano",
            "Componente": "Medio humano",
            "Subcontrato": "Medio Humano",
            "Revisor": "Vivian Hernandez",
            "Elaborador": "Gloria Arriagada",
            "Estado": "En elaboración",
            "FechaEntrega": "2025-11-28"
        },
        {
            "Correlativo": 37,
            "TematicaGeneral": "Actualización capítulo",
            "Tematica": "Normativa",
            "Componente": "Todas",
            "Subcontrato": "OWNER TEAM",
            "Revisor": "Vivian Hernandez",
            "Elaborador": "Chi-le Sun",
            "Estado": "En elaboración",
            "FechaEntrega": "2025-11-28"
        },
        {
            "Correlativo": 38,
            "TematicaGeneral": "Luminosidad",
            "Tematica": "Normativa",
            "Componente": "Luminosidad",
            "Subcontrato": "OWNER TEAM",
            "Revisor": "Vivian Hernandez",
            "Elaborador": "Chi-le Sun",
            "Estado": "En editorial",
            "FechaEntrega": "2025-11-07"
        },
        {
            "Correlativo": 39,
            "TematicaGeneral": "Fauna",
            "Tematica": "Normativa",
            "Componente": "Fauna",
            "Subcontrato": "MARISOL - Medio marino",
            "Revisor": "Vivian Hernandez",
            "Elaborador": "marisolcastrof",
            "Estado": "En elaboración",
            "FechaEntrega": "2025-12-26"
        },
        {
            "Correlativo": 40,
            "TematicaGeneral": "Arqueología",
            "Tematica": "PAS132",
            "Componente": "Arqueología",
            "Subcontrato": "SEDNA - Arqueología",
            "Revisor": "Chi-le Sun",
            "Elaborador": "Vivian Hernandez",
            "Estado": "En elaboración",
            "FechaEntrega": "2025-11-28"
        },
        {
            "Correlativo": 41,
            "TematicaGeneral": "Arqueología",
            "Tematica": "PAS132",
            "Componente": "Arqueología",
            "Subcontrato": "SEDNA - Arqueología",
            "Revisor": "Chi-le Sun",
            "Elaborador": "Vivian Hernandez",
            "Estado": "En elaboración",
            "FechaEntrega": "2025-12-12"
        },
        {
            "Correlativo": 42,
            "TematicaGeneral": "Arqueología",
            "Tematica": "PAS132",
            "Componente": "Arqueología",
            "Subcontrato": "SEDNA - Arqueología",
            "Revisor": "Chi-le Sun",
            "Elaborador": "Vivian Hernandez",
            "Estado": "En elaboración",
            "FechaEntrega": "2025-12-12"
        },
        {
            "Correlativo": 43,
            "TematicaGeneral": "Arqueología",
            "Tematica": "PAS132",
            "Componente": "Arqueología",
            "Subcontrato": "SEDNA - Arqueología",
            "Revisor": "Chi-le Sun",
            "Elaborador": "Vivian Hernandez",
            "Estado": "En elaboración",
            "FechaEntrega": "2025-11-28"
        },
        {
            "Correlativo": 44,
            "TematicaGeneral": "Arqueología",
            "Tematica": "PAS132",
            "Componente": "Arqueología",
            "Subcontrato": "SEDNA - Arqueología",
            "Revisor": "Chi-le Sun",
            "Elaborador": "Vivian Hernandez",
            "Estado": "En elaboración",
            "FechaEntrega": "2025-11-28"
        },
        {
            "Correlativo": 45,
            "TematicaGeneral": "Arqueología",
            "Tematica": "PAS132",
            "Componente": "Arqueología",
            "Subcontrato": "SEDNA - Arqueología",
            "Revisor": "Chi-le Sun",
            "Elaborador": "Vivian Hernandez",
            "Estado": "En elaboración",
            "FechaEntrega": "2025-11-28"
        },
        {
            "Correlativo": 46,
            "TematicaGeneral": "Arqueología",
            "Tematica": "PAS132",
            "Componente": "Arqueología",
            "Subcontrato": "SEDNA - Arqueología",
            "Revisor": "Chi-le Sun",
            "Elaborador": "Vivian Hernandez",
            "Estado": "En elaboración",
            "FechaEntrega": "2025-11-28"
        },
        {
            "Correlativo": 47,
            "TematicaGeneral": "PAS (DP)",
            "Tematica": "PAS138",
            "Componente": "PTAS",
            "Subcontrato": "SUBCONTRATO PAS138",
            "Revisor": "Nicolas Ibañez",
            "Elaborador": "Oscar Perez",
            "Estado": "En elaboración",
            "FechaEntrega": "2025-11-28"
        },
        {
            "Correlativo": 48,
            "TematicaGeneral": "PAS (DP)",
            "Tematica": "PAS138",
            "Componente": "PTAS",
            "Subcontrato": "SUBCONTRATO PAS138",
            "Revisor": "Nicolas Ibañez",
            "Elaborador": "Oscar Perez",
            "Estado": "En editorial",
            "FechaEntrega": "2025-11-28"
        },
        {
            "Correlativo": 49,
            "TematicaGeneral": "PAS (DP)",
            "Tematica": "PAS138",
            "Componente": "PTAS",
            "Subcontrato": "SUBCONTRATO PAS138",
            "Revisor": "Nicolas Ibañez",
            "Elaborador": "Oscar Perez",
            "Estado": "En elaboración",
            "FechaEntrega": "2025-11-28"
        },
        {
            "Correlativo": 50,
            "TematicaGeneral": "PAS (DP)",
            "Tematica": "PAS138",
            "Componente": "PTAS",
            "Subcontrato": "SUBCONTRATO PAS138",
            "Revisor": "Nicolas Ibañez",
            "Elaborador": "Oscar Perez",
            "Estado": "En elaboración",
            "FechaEntrega": "2025-11-28"
        },
        {
            "Correlativo": 51,
            "TematicaGeneral": "PAS (DP)",
            "Tematica": "PAS138",
            "Componente": "PTAS",
            "Subcontrato": "SUBCONTRATO PAS138",
            "Revisor": "Nicolas Ibañez",
            "Elaborador": "Oscar Perez",
            "Estado": "En elaboración",
            "FechaEntrega": "2025-11-28"
        },
        {
            "Correlativo": 52,
            "TematicaGeneral": "PAS (DP)",
            "Tematica": "PAS138",
            "Componente": "PTAS",
            "Subcontrato": "SUBCONTRATO PAS138",
            "Revisor": "Nicolas Ibañez",
            "Elaborador": "Oscar Perez",
            "Estado": "En elaboración",
            "FechaEntrega": "2025-11-28"
        },
        {
            "Correlativo": 53,
            "TematicaGeneral": "PAS (DP)",
            "Tematica": "PAS138",
            "Componente": "PTAS",
            "Subcontrato": "SUBCONTRATO PAS138",
            "Revisor": "Nicolas Ibañez",
            "Elaborador": "Oscar Perez",
            "Estado": "En elaboración",
            "FechaEntrega": "2025-11-28"
        },
        {
            "Correlativo": 54,
            "TematicaGeneral": "PAS (DP)",
            "Tematica": "PAS138",
            "Componente": "PTAS",
            "Subcontrato": "SUBCONTRATO PAS138",
            "Revisor": "Nicolas Ibañez",
            "Elaborador": "Oscar Perez",
            "Estado": "En elaboración",
            "FechaEntrega": "2025-11-28"
        },
        {
            "Correlativo": 55,
            "TematicaGeneral": "PAS (DP)",
            "Tematica": "PAS138",
            "Componente": "PTAS",
            "Subcontrato": "SUBCONTRATO PAS138",
            "Revisor": "Nicolas Ibañez",
            "Elaborador": "Oscar Perez",
            "Estado": "En elaboración",
            "FechaEntrega": "2025-11-28"
        },
        {
            "Correlativo": 56,
            "TematicaGeneral": "PAS (DP)",
            "Tematica": "PAS138",
            "Componente": "PTAS",
            "Subcontrato": "SUBCONTRATO PAS138",
            "Revisor": "Nicolas Ibañez",
            "Elaborador": "Oscar Perez",
            "Estado": "En revisor técnico",
            "FechaEntrega": "2025-11-28"
        },
        {
            "Correlativo": 57,
            "TematicaGeneral": "PAS (DP)",
            "Tematica": "PAS139",
            "Componente": "Agua (residuos líquidos)",
            "Subcontrato": "OWNER TEAM",
            "Revisor": "Chi-le Sun",
            "Elaborador": "Nicolas Ibañez",
            "Estado": "En revisor técnico",
            "FechaEntrega": "2025-11-07"
        },
        {
            "Correlativo": 58,
            "TematicaGeneral": "Fauna",
            "Tematica": "PAS146",
            "Componente": "Fauna",
            "Subcontrato": "HUGO DÍAZ - Microrruteo y avifauna",
            "Revisor": "Chi-le Sun",
            "Elaborador": "hugodiazcl",
            "Estado": "En elaboración",
            "FechaEntrega": "2025-12-15"
        },
        {
            "Correlativo": 59,
            "TematicaGeneral": "Fauna",
            "Tematica": "PAS146",
            "Componente": "Fauna",
            "Subcontrato": "HUGO DÍAZ - Microrruteo y avifauna",
            "Revisor": "Chi-le Sun",
            "Elaborador": "hugodiazcl",
            "Estado": "En elaboración",
            "FechaEntrega": "2025-12-15"
        },
        {
            "Correlativo": 60,
            "TematicaGeneral": "Fauna",
            "Tematica": "PAS146",
            "Componente": "Fauna",
            "Subcontrato": "HUGO DÍAZ - Microrruteo y avifauna",
            "Revisor": "Chi-le Sun",
            "Elaborador": "hugodiazcl",
            "Estado": "En elaboración",
            "FechaEntrega": "2025-12-15"
        },
        {
            "Correlativo": 61,
            "TematicaGeneral": "Fauna",
            "Tematica": "PAS146",
            "Componente": "Fauna",
            "Subcontrato": "HUGO DÍAZ - Microrruteo y avifauna",
            "Revisor": "Chi-le Sun",
            "Elaborador": "hugodiazcl",
            "Estado": "En elaboración",
            "FechaEntrega": "2025-12-15"
        },
        {
            "Correlativo": 62,
            "TematicaGeneral": "Fauna",
            "Tematica": "PAS146",
            "Componente": "Fauna",
            "Subcontrato": "HUGO DÍAZ - Microrruteo y avifauna",
            "Revisor": "Chi-le Sun",
            "Elaborador": "hugodiazcl",
            "Estado": "En elaboración",
            "FechaEntrega": "2025-12-15"
        },
        {
            "Correlativo": 63,
            "TematicaGeneral": "Fauna",
            "Tematica": "PAS146",
            "Componente": "Fauna",
            "Subcontrato": "HUGO DÍAZ - Microrruteo y avifauna",
            "Revisor": "Chi-le Sun",
            "Elaborador": "hugodiazcl",
            "Estado": "En elaboración",
            "FechaEntrega": "2025-12-15"
        },
        {
            "Correlativo": 64,
            "TematicaGeneral": "Fauna",
            "Tematica": "PAS146",
            "Componente": "Fauna",
            "Subcontrato": "HUGO DÍAZ - Microrruteo y avifauna",
            "Revisor": "Chi-le Sun",
            "Elaborador": "hugodiazcl",
            "Estado": "En elaboración",
            "FechaEntrega": "2025-12-15"
        },
        {
            "Correlativo": 65,
            "TematicaGeneral": "Fauna",
            "Tematica": "PAS146",
            "Componente": "Fauna",
            "Subcontrato": "HUGO DÍAZ - Microrruteo y avifauna",
            "Revisor": "Chi-le Sun",
            "Elaborador": "hugodiazcl",
            "Estado": "En elaboración",
            "FechaEntrega": "2025-12-15"
        },
        {
            "Correlativo": 66,
            "TematicaGeneral": "Hidro",
            "Tematica": "PAS156",
            "Componente": "Agua (PAS 156)",
            "Subcontrato": "OWNER TEAM",
            "Revisor": "Nicolas Ibañez",
            "Elaborador": "Felipe Lobo",
            "Estado": "En revisor técnico",
            "FechaEntrega": "2025-11-07"
        },
        {
            "Correlativo": 67,
            "TematicaGeneral": "Calidad aire, emisiones",
            "Tematica": "Calidad del aire",
            "Componente": "Calidad aire, emisiones",
            "Subcontrato": "SUBCONTRATO CALIDAD DEL AIRE",
            "Revisor": "Ivonne Quintana",
            "Elaborador": "mariana.garcia",
            "Estado": "En elaboración",
            "FechaEntrega": "2025-11-28"
        },
        {
            "Correlativo": 68,
            "TematicaGeneral": "Calidad aire, emisiones",
            "Tematica": "Ldb Calidad del aire",
            "Componente": "Calidad aire, emisiones",
            "Subcontrato": "SUBCONTRATO CALIDAD DEL AIRE",
            "Revisor": "Ivonne Quintana",
            "Elaborador": "mariana.garcia",
            "Estado": "En elaboración",
            "FechaEntrega": "2025-11-28"
        },
        {
            "Correlativo": 69,
            "TematicaGeneral": "Calidad aire, emisiones",
            "Tematica": "Calidad del aire",
            "Componente": "Calidad aire, emisiones",
            "Subcontrato": "SUBCONTRATO CALIDAD DEL AIRE",
            "Revisor": "Ivonne Quintana",
            "Elaborador": "mariana.garcia",
            "Estado": "En elaboración",
            "FechaEntrega": "2025-11-28"
        },
        {
            "Correlativo": 70,
            "TematicaGeneral": "Ruido y vibraciones",
            "Tematica": "Ruido terrestre",
            "Componente": "Ruido y vibraciones",
            "Subcontrato": "RUIDO AMBIENTAL - Ruido",
            "Revisor": "Nicolas Ibañez",
            "Elaborador": "Chi-le Sun",
            "Estado": "En elaboración",
            "FechaEntrega": "2025-11-28"
        },
        {
            "Correlativo": 71,
            "TematicaGeneral": "Fauna",
            "Tematica": "Ecosistemas marinos",
            "Componente": "Fauna",
            "Subcontrato": "MARISOL - Medio marino",
            "Revisor": "Vivian Hernandez",
            "Elaborador": "marisolcastrof",
            "Estado": "En elaboración",
            "FechaEntrega": "2025-12-26"
        },
        {
            "Correlativo": 72,
            "TematicaGeneral": "Fauna",
            "Tematica": "Ecosistemas marinos",
            "Componente": "Fauna",
            "Subcontrato": "MARISOL - Medio marino",
            "Revisor": "Vivian Hernandez",
            "Elaborador": "marisolcastrof",
            "Estado": "En elaboración",
            "FechaEntrega": "2025-12-26"
        },
        {
            "Correlativo": 73,
            "TematicaGeneral": "Fauna (Chinchilla)",
            "Tematica": "Ruido en fauna",
            "Componente": "Fauna",
            "Subcontrato": "RUIDO AMBIENTAL - Ruido",
            "Revisor": "Chi-le Sun",
            "Elaborador": "hugodiazcl",
            "Estado": "En elaboración",
            "FechaEntrega": "2025-12-26"
        },
        {
            "Correlativo": 74,
            "TematicaGeneral": "Flora y vegetación",
            "Tematica": "Ldb Plantas",
            "Componente": "Flora y vegetación",
            "Subcontrato": "HUGO DÍAZ - Microrruteo y avifauna",
            "Revisor": "Chi-le Sun",
            "Elaborador": "hugodiazcl",
            "Estado": "En elaboración",
            "FechaEntrega": "2025-11-07"
        },
        {
            "Correlativo": 75,
            "TematicaGeneral": "Flora y vegetación",
            "Tematica": "Ldb Plantas",
            "Componente": "Flora y vegetación",
            "Subcontrato": "HUGO DÍAZ - Microrruteo y avifauna",
            "Revisor": "Chi-le Sun",
            "Elaborador": "hugodiazcl",
            "Estado": "En elaboración",
            "FechaEntrega": "2025-11-07"
        },
        {
            "Correlativo": 76,
            "TematicaGeneral": "Flora y vegetación",
            "Tematica": "Ldb Plantas",
            "Componente": "Flora y vegetación",
            "Subcontrato": "HUGO DÍAZ - Microrruteo y avifauna",
            "Revisor": "Chi-le Sun",
            "Elaborador": "hugodiazcl",
            "Estado": "En elaboración",
            "FechaEntrega": "2025-12-15"
        },
        {
            "Correlativo": 77,
            "TematicaGeneral": "Flora y vegetación",
            "Tematica": "Ldb Plantas",
            "Componente": "Flora y vegetación",
            "Subcontrato": "HUGO DÍAZ - Microrruteo y avifauna",
            "Revisor": "Chi-le Sun",
            "Elaborador": "hugodiazcl",
            "Estado": "En elaboración",
            "FechaEntrega": "2025-12-15"
        },
        {
            "Correlativo": 78,
            "TematicaGeneral": "Flora y vegetación",
            "Tematica": "Ldb Plantas",
            "Componente": "Flora y vegetación",
            "Subcontrato": "HUGO DÍAZ - Microrruteo y avifauna",
            "Revisor": "Chi-le Sun",
            "Elaborador": "hugodiazcl",
            "Estado": "En elaboración",
            "FechaEntrega": "2025-12-15"
        },
        {
            "Correlativo": 79,
            "TematicaGeneral": "Flora y vegetación",
            "Tematica": "Ldb Plantas",
            "Componente": "Flora y vegetación",
            "Subcontrato": "HUGO DÍAZ - Microrruteo y avifauna",
            "Revisor": "Chi-le Sun",
            "Elaborador": "hugodiazcl",
            "Estado": "En elaboración",
            "FechaEntrega": "2025-12-15"
        },
        {
            "Correlativo": 80,
            "TematicaGeneral": "Flora y vegetación",
            "Tematica": "Medidas",
            "Componente": "Flora y vegetación",
            "Subcontrato": "HUGO DÍAZ - Microrruteo y avifauna",
            "Revisor": "Chi-le Sun",
            "Elaborador": "hugodiazcl",
            "Estado": "En elaboración",
            "FechaEntrega": "2025-12-15"
        },
        {
            "Correlativo": 81,
            "TematicaGeneral": "Flora y vegetación",
            "Tematica": "Ldb Plantas",
            "Componente": "Flora y vegetación",
            "Subcontrato": "HUGO DÍAZ - Microrruteo y avifauna",
            "Revisor": "Chi-le Sun",
            "Elaborador": "hugodiazcl",
            "Estado": "En elaboración",
            "FechaEntrega": "2025-11-07"
        },
        {
            "Correlativo": 82,
            "TematicaGeneral": "Flora y vegetación",
            "Tematica": "Ldb Plantas",
            "Componente": "Flora y vegetación",
            "Subcontrato": "HUGO DÍAZ - Microrruteo y avifauna",
            "Revisor": "Chi-le Sun",
            "Elaborador": "hugodiazcl",
            "Estado": "En elaboración",
            "FechaEntrega": "2025-12-15"
        },
        {
            "Correlativo": 83,
            "TematicaGeneral": "Fauna (Chinchilla)",
            "Tematica": "LdB Fauna",
            "Componente": "Fauna",
            "Subcontrato": "AMS - Chinchilla",
            "Revisor": "Chi-le Sun",
            "Elaborador": "hugodiazcl",
            "Estado": "En elaboración",
            "FechaEntrega": "2025-12-30"
        },
        {
            "Correlativo": 84,
            "TematicaGeneral": "Flora, fauna",
            "Tematica": "Análisis impacto",
            "Componente": "Flora y vegetación",
            "Subcontrato": "HUGO DÍAZ - Microrruteo y avifauna",
            "Revisor": "Chi-le Sun",
            "Elaborador": "hugodiazcl",
            "Estado": "En elaboración",
            "FechaEntrega": "2025-11-28"
        },
        {
            "Correlativo": 85,
            "TematicaGeneral": "Medio humano",
            "Tematica": "Ldb Medio Humano",
            "Componente": "Medio humano",
            "Subcontrato": "Medio Humano",
            "Revisor": "Vivian Hernandez",
            "Elaborador": "Gloria Arriagada",
            "Estado": "En cartografía",
            "FechaEntrega": "2025-11-28"
        },
        {
            "Correlativo": 86,
            "TematicaGeneral": "Turismo, paisaje",
            "Tematica": "Mención anexo",
            "Componente": "Paisaje",
            "Subcontrato": "OWNER TEAM",
            "Revisor": "Nicolas Ibañez",
            "Elaborador": "Felipe Lobo",
            "Estado": "En editorial",
            "FechaEntrega": "2025-11-07"
        },
        {
            "Correlativo": 87,
            "TematicaGeneral": "Actualización capítulo",
            "Tematica": "Resumen impactos",
            "Componente": "Todas",
            "Subcontrato": "OWNER TEAM",
            "Revisor": "Vivian Hernandez",
            "Elaborador": "Chi-le Sun",
            "Estado": "En elaboración",
            "FechaEntrega": "2025-12-12"
        },
        {
            "Correlativo": 88,
            "TematicaGeneral": "Fauna",
            "Tematica": "Ruido en fauna",
            "Componente": "Fauna",
            "Subcontrato": "RUIDO AMBIENTAL - Ruido",
            "Revisor": "Chi-le Sun",
            "Elaborador": "hugodiazcl",
            "Estado": "En elaboración",
            "FechaEntrega": "2025-12-26"
        },
        {
            "Correlativo": 89,
            "TematicaGeneral": "Fauna",
            "Tematica": "Ruido en fauna",
            "Componente": "Ruido y vibraciones",
            "Subcontrato": "RUIDO AMBIENTAL - Ruido",
            "Revisor": "Chi-le Sun",
            "Elaborador": "hugodiazcl",
            "Estado": "En elaboración",
            "FechaEntrega": "2025-12-26"
        },
        {
            "Correlativo": 90,
            "TematicaGeneral": "Medio marino",
            "Tematica": "Obras Marítimas",
            "Componente": "Medio marino",
            "Subcontrato": "MARISOL - Medio marino",
            "Revisor": "Vivian Hernandez",
            "Elaborador": "marisolcastrof",
            "Estado": "En elaboración",
            "FechaEntrega": "2025-11-28"
        },
        {
            "Correlativo": 91,
            "TematicaGeneral": "Fauna",
            "Tematica": "Fauna Marina",
            "Componente": "Fauna",
            "Subcontrato": "MARISOL - Medio marino",
            "Revisor": "Vivian Hernandez",
            "Elaborador": "marisolcastrof",
            "Estado": "En elaboración",
            "FechaEntrega": "2025-12-26"
        },
        {
            "Correlativo": 92,
            "TematicaGeneral": "Fauna (Chinchilla)",
            "Tematica": "Análisis impacto",
            "Componente": "Fauna",
            "Subcontrato": "AMS - Chinchilla",
            "Revisor": "Chi-le Sun",
            "Elaborador": "hugodiazcl",
            "Estado": "En elaboración",
            "FechaEntrega": "2025-12-30"
        },
        {
            "Correlativo": 93,
            "TematicaGeneral": "Fauna (Chinchilla)",
            "Tematica": "Análisis impacto",
            "Componente": "Fauna",
            "Subcontrato": "AMS - Chinchilla",
            "Revisor": "Chi-le Sun",
            "Elaborador": "hugodiazcl",
            "Estado": "En elaboración",
            "FechaEntrega": "2025-12-30"
        },
        {
            "Correlativo": 94,
            "TematicaGeneral": "Medio marino",
            "Tematica": "Análisis cobre",
            "Componente": "Ecosistemas acuáticos",
            "Subcontrato": "MARISOL - Medio marino",
            "Revisor": "Vivian Hernandez",
            "Elaborador": "marisolcastrof",
            "Estado": "En elaboración",
            "FechaEntrega": "2025-11-28"
        },
        {
            "Correlativo": 95,
            "TematicaGeneral": "Medio marino",
            "Tematica": "Riesgo ecológico",
            "Componente": "Ecosistemas acuáticos",
            "Subcontrato": "MARISOL - Medio marino",
            "Revisor": "Vivian Hernandez",
            "Elaborador": "marisolcastrof",
            "Estado": "En elaboración",
            "FechaEntrega": "2025-12-12"
        },
        {
            "Correlativo": 96,
            "TematicaGeneral": "Medio marino",
            "Tematica": "Análisis cobre",
            "Componente": "Ecosistemas acuáticos",
            "Subcontrato": "MARISOL - Medio marino",
            "Revisor": "Vivian Hernandez",
            "Elaborador": "marisolcastrof",
            "Estado": "En elaboración",
            "FechaEntrega": "2025-11-14"
        },
        {
            "Correlativo": 97,
            "TematicaGeneral": "Turismo, paisaje",
            "Tematica": "Paisaje",
            "Componente": "Paisaje",
            "Subcontrato": "OWNER TEAM",
            "Revisor": "Chi-le Sun",
            "Elaborador": "Nicolas Ibañez",
            "Estado": "En revisor técnico",
            "FechaEntrega": "2025-11-07"
        },
        {
            "Correlativo": 98,
            "TematicaGeneral": "Actualización capítulo",
            "Tematica": "Resumen impactos",
            "Componente": "Todas",
            "Subcontrato": "OWNER TEAM",
            "Revisor": "Vivian Hernandez",
            "Elaborador": "Chi-le Sun",
            "Estado": "En revisor técnico",
            "FechaEntrega": "2025-11-07"
        },
        {
            "Correlativo": 99,
            "TematicaGeneral": "Ruido y vibraciones",
            "Tematica": "CAV",
            "Componente": "Ruido y vibraciones",
            "Subcontrato": "RUIDO AMBIENTAL - Ruido",
            "Revisor": "Vivian Hernandez",
            "Elaborador": "Chi-le Sun",
            "Estado": "En elaboración",
            "FechaEntrega": "2025-11-28"
        },
        {
            "Correlativo": 101,
            "TematicaGeneral": "Medio humano",
            "Tematica": "Medidas",
            "Componente": "Medio humano",
            "Subcontrato": "OWNER TEAM",
            "Revisor": "Chi-le Sun",
            "Elaborador": "Gloria Arriagada",
            "Estado": "En revisor técnico",
            "FechaEntrega": "2025-11-07"
        },
        {
            "Correlativo": 102,
            "TematicaGeneral": "Medio humano",
            "Tematica": "Medidas",
            "Componente": "Medio humano",
            "Subcontrato": "OWNER TEAM",
            "Revisor": "Chi-le Sun",
            "Elaborador": "Gloria Arriagada",
            "Estado": "En revisor técnico",
            "FechaEntrega": "2025-11-07"
        },
        {
            "Correlativo": 103,
            "TematicaGeneral": "Medio humano",
            "Tematica": "Medidas",
            "Componente": "Medio humano",
            "Subcontrato": "OWNER TEAM",
            "Revisor": "Chi-le Sun",
            "Elaborador": "Gloria Arriagada",
            "Estado": "En revisor técnico",
            "FechaEntrega": "2025-11-07"
        },
        {
            "Correlativo": 104,
            "TematicaGeneral": "Medio humano",
            "Tematica": "Medidas",
            "Componente": "Medio humano",
            "Subcontrato": "OWNER TEAM",
            "Revisor": "Chi-le Sun",
            "Elaborador": "Gloria Arriagada",
            "Estado": "En revisor técnico",
            "FechaEntrega": "2025-11-07"
        },
        {
            "Correlativo": 105,
            "TematicaGeneral": "Misceláneas",
            "Tematica": "Acuerdos comunidades",
            "Componente": "Medio humano",
            "Subcontrato": "OWNER TEAM",
            "Revisor": "Chi-le Sun",
            "Elaborador": "Gloria Arriagada",
            "Estado": "En revisor técnico",
            "FechaEntrega": "2025-11-07"
        },
        {
            "Correlativo": 106,
            "TematicaGeneral": "Medio humano",
            "Tematica": "Medidas",
            "Componente": "Medio humano",
            "Subcontrato": "Medio Humano",
            "Revisor": "Chi-le Sun",
            "Elaborador": "Gloria Arriagada",
            "Estado": "En elaboración",
            "FechaEntrega": "2025-11-28"
        },
        {
            "Correlativo": 107,
            "TematicaGeneral": "Medio humano",
            "Tematica": "Medidas",
            "Componente": "Medio humano",
            "Subcontrato": "OWNER TEAM",
            "Revisor": "Chi-le Sun",
            "Elaborador": "Gloria Arriagada",
            "Estado": "En revisor técnico",
            "FechaEntrega": "2025-11-28"
        },
        {
            "Correlativo": 108,
            "TematicaGeneral": "Flora y vegetación",
            "Tematica": "Medidas",
            "Componente": "Flora y vegetación",
            "Subcontrato": "HUGO DÍAZ - Microrruteo y avifauna",
            "Revisor": "Chi-le Sun",
            "Elaborador": "hugodiazcl",
            "Estado": "En elaboración",
            "FechaEntrega": "2025-11-07"
        },
        {
            "Correlativo": 109,
            "TematicaGeneral": "Flora y vegetación",
            "Tematica": "Medidas",
            "Componente": "Flora y vegetación",
            "Subcontrato": "HUGO DÍAZ - Microrruteo y avifauna",
            "Revisor": "Chi-le Sun",
            "Elaborador": "hugodiazcl",
            "Estado": "En elaboración",
            "FechaEntrega": "2025-12-15"
        },
        {
            "Correlativo": 110,
            "TematicaGeneral": "Flora y vegetación",
            "Tematica": "Medidas",
            "Componente": "Flora y vegetación",
            "Subcontrato": "HUGO DÍAZ - Microrruteo y avifauna",
            "Revisor": "Chi-le Sun",
            "Elaborador": "hugodiazcl",
            "Estado": "En elaboración",
            "FechaEntrega": "2025-12-15"
        },
        {
            "Correlativo": 111,
            "TematicaGeneral": "Flora y vegetación",
            "Tematica": "Medidas",
            "Componente": "Flora y vegetación",
            "Subcontrato": "HUGO DÍAZ - Microrruteo y avifauna",
            "Revisor": "Chi-le Sun",
            "Elaborador": "hugodiazcl",
            "Estado": "En elaboración",
            "FechaEntrega": "2025-11-28"
        },
        {
            "Correlativo": 112,
            "TematicaGeneral": "Flora y vegetación",
            "Tematica": "Medidas",
            "Componente": "Flora y vegetación",
            "Subcontrato": "HUGO DÍAZ - Microrruteo y avifauna",
            "Revisor": "Chi-le Sun",
            "Elaborador": "hugodiazcl",
            "Estado": "En elaboración",
            "FechaEntrega": "2025-11-07"
        },
        {
            "Correlativo": 113,
            "TematicaGeneral": "Flora y vegetación",
            "Tematica": "Medidas",
            "Componente": "Flora y vegetación",
            "Subcontrato": "HUGO DÍAZ - Microrruteo y avifauna",
            "Revisor": "Vivian Hernandez",
            "Elaborador": "hugodiazcl",
            "Estado": "En elaboración",
            "FechaEntrega": "2025-11-07"
        },
        {
            "Correlativo": 114,
            "TematicaGeneral": "Fauna (Chinchilla)",
            "Tematica": "Medidas",
            "Componente": "Fauna",
            "Subcontrato": "AMS - Chinchilla",
            "Revisor": "Nicolas Ibañez",
            "Elaborador": "hugodiazcl",
            "Estado": "En elaboración",
            "FechaEntrega": "2025-12-30"
        },
        {
            "Correlativo": 115,
            "TematicaGeneral": "Fauna (Chinchilla)",
            "Tematica": "CAV",
            "Componente": "Fauna",
            "Subcontrato": "AMS - Chinchilla",
            "Revisor": "Vivian Hernandez",
            "Elaborador": "hugodiazcl",
            "Estado": "En elaboración",
            "FechaEntrega": "2025-12-30"
        },
        {
            "Correlativo": 116,
            "TematicaGeneral": "Fauna (Chinchilla)",
            "Tematica": "CAV",
            "Componente": "Fauna",
            "Subcontrato": "AMS - Chinchilla",
            "Revisor": "Chi-le Sun",
            "Elaborador": "hugodiazcl",
            "Estado": "En elaboración",
            "FechaEntrega": "2025-12-30"
        },
        {
            "Correlativo": 117,
            "TematicaGeneral": "Fauna (Chinchilla)",
            "Tematica": "CAV",
            "Componente": "Fauna",
            "Subcontrato": "AMS - Chinchilla",
            "Revisor": "Chi-le Sun",
            "Elaborador": "hugodiazcl",
            "Estado": "En elaboración",
            "FechaEntrega": "2025-12-30"
        },
        {
            "Correlativo": 118,
            "TematicaGeneral": "Fauna (Chinchilla)",
            "Tematica": "CAV",
            "Componente": "Fauna",
            "Subcontrato": "AMS - Chinchilla",
            "Revisor": "Vivian Hernandez",
            "Elaborador": "hugodiazcl",
            "Estado": "En elaboración",
            "FechaEntrega": "2025-12-30"
        },
        {
            "Correlativo": 119,
            "TematicaGeneral": "Medio humano",
            "Tematica": "Medidas",
            "Componente": "Medio humano indígena",
            "Subcontrato": "OWNER TEAM",
            "Revisor": "Vivian Hernandez",
            "Elaborador": "Gloria Arriagada",
            "Estado": "En editorial",
            "FechaEntrega": "2025-11-14"
        },
        {
            "Correlativo": 120,
            "TematicaGeneral": "Medio humano",
            "Tematica": "Medidas",
            "Componente": "Medio humano indígena",
            "Subcontrato": "OWNER TEAM",
            "Revisor": "Chi-le Sun",
            "Elaborador": "Gloria Arriagada",
            "Estado": "En revisor técnico",
            "FechaEntrega": "2025-11-14"
        },
        {
            "Correlativo": 121,
            "TematicaGeneral": "Fauna (Chinchilla)",
            "Tematica": "CAV",
            "Componente": "Ruido y vibraciones",
            "Subcontrato": "AMS - Chinchilla",
            "Revisor": "Chi-le Sun",
            "Elaborador": "hugodiazcl",
            "Estado": "En elaboración",
            "FechaEntrega": "2025-12-30"
        },
        {
            "Correlativo": 122,
            "TematicaGeneral": "Medio marino",
            "Tematica": "Análisis cobre",
            "Componente": "Ecosistemas acuáticos",
            "Subcontrato": "MARISOL - Medio marino",
            "Revisor": "Vivian Hernandez",
            "Elaborador": "marisolcastrof",
            "Estado": "En elaboración",
            "FechaEntrega": "2025-11-14"
        },
        {
            "Correlativo": 123,
            "TematicaGeneral": "GGP",
            "Tematica": "Riesgos y contingencias",
            "Componente": "N/A (PCyE)",
            "Subcontrato": "OWNER TEAM",
            "Revisor": "Vivian Hernandez",
            "Elaborador": "Felipe Lobo",
            "Estado": "En revisor técnico",
            "FechaEntrega": "2025-11-07"
        },
        {
            "Correlativo": 124,
            "TematicaGeneral": "Descripción proyecto",
            "Tematica": "Riesgos y contingencias",
            "Componente": "Agua (residuos líquidos)",
            "Subcontrato": "OWNER TEAM",
            "Revisor": "Vivian Hernandez",
            "Elaborador": "Nicolas Ibañez",
            "Estado": "En revisor técnico",
            "FechaEntrega": "2025-11-07"
        },
        {
            "Correlativo": 125,
            "TematicaGeneral": "Fauna",
            "Tematica": "Riesgos y contingencias",
            "Componente": "Fauna",
            "Subcontrato": "MARISOL - Medio marino",
            "Revisor": "Chi-le Sun",
            "Elaborador": "marisolcastrof",
            "Estado": "En elaboración",
            "FechaEntrega": "2025-11-21"
        },
        {
            "Correlativo": 126,
            "TematicaGeneral": "Hidro",
            "Tematica": "Riesgos y contingencias",
            "Componente": "Agua",
            "Subcontrato": "EDZ - Remoción en masa",
            "Revisor": "Chi-le Sun",
            "Elaborador": "Nicolas Ibañez",
            "Estado": "En elaboración",
            "FechaEntrega": "2025-11-07"
        },
        {
            "Correlativo": 127,
            "TematicaGeneral": "Medio marino",
            "Tematica": "Pluma dispersión agua rechazo",
            "Componente": "Medio marino",
            "Subcontrato": "MARISOL - Medio marino",
            "Revisor": "Vivian Hernandez",
            "Elaborador": "marisolcastrof",
            "Estado": "En elaboración",
            "FechaEntrega": "2025-11-14"
        },
        {
            "Correlativo": 128,
            "TematicaGeneral": "Medio marino",
            "Tematica": "Calidad de aguas",
            "Componente": "Medio marino",
            "Subcontrato": "MARISOL - Medio marino",
            "Revisor": "Vivian Hernandez",
            "Elaborador": "marisolcastrof",
            "Estado": "En elaboración",
            "FechaEntrega": "2025-11-14"
        },
        {
            "Correlativo": 129,
            "TematicaGeneral": "Actualización capítulo",
            "Tematica": "Tabla Resumen",
            "Componente": "Todas",
            "Subcontrato": "OWNER TEAM",
            "Revisor": "Chi-le Sun",
            "Elaborador": "Felipe Lobo",
            "Estado": "En elaboración",
            "FechaEntrega": "2025-12-12"
        },
        {
            "Correlativo": 130,
            "TematicaGeneral": "Actualización capítulo",
            "Tematica": "Tabla Resumen",
            "Componente": "Todas",
            "Subcontrato": "OWNER TEAM",
            "Revisor": "Nicolas Ibañez",
            "Elaborador": "Felipe Lobo",
            "Estado": "En elaboración",
            "FechaEntrega": "2025-12-12"
        },
        {
            "Correlativo": 131,
            "TematicaGeneral": "Misceláneas",
            "Tematica": "Estrategia desarrollo regional",
            "Componente": "Agua",
            "Subcontrato": "OWNER TEAM",
            "Revisor": "Sin asignar",
            "Elaborador": "Vivian Hernandez",
            "Estado": "En revisor técnico",
            "FechaEntrega": "2025-11-07"
        },
        {
            "Correlativo": 132,
            "TematicaGeneral": "Misceláneas",
            "Tematica": "Uso agua desalinizada",
            "Componente": "Agua",
            "Subcontrato": "OWNER TEAM",
            "Revisor": "Chi-le Sun",
            "Elaborador": "Nicolas Ibañez",
            "Estado": "En revisor técnico",
            "FechaEntrega": "2025-11-07"
        },
        {
            "Correlativo": 133,
            "TematicaGeneral": "Misceláneas",
            "Tematica": "Ordenanzas municipales",
            "Componente": "Descripción proyecto",
            "Subcontrato": "OWNER TEAM",
            "Revisor": "Chi-le Sun",
            "Elaborador": "Nicolas Ibañez",
            "Estado": "En elaboración",
            "FechaEntrega": "2025-11-21"
        },
        {
            "Correlativo": 134,
            "TematicaGeneral": "Misceláneas",
            "Tematica": "Ordenanzas municipales",
            "Componente": "Descripción proyecto",
            "Subcontrato": "OWNER TEAM",
            "Revisor": "Chi-le Sun",
            "Elaborador": "Nicolas Ibañez",
            "Estado": "En elaboración",
            "FechaEntrega": "2025-11-21"
        },
        {
            "Correlativo": 135,
            "TematicaGeneral": "Medio humano",
            "Tematica": "CAV",
            "Componente": "CAV",
            "Subcontrato": "OWNER TEAM",
            "Revisor": "Vivian Hernandez",
            "Elaborador": "Gloria Arriagada",
            "Estado": "En revisor técnico",
            "FechaEntrega": "2025-11-07"
        },
        {
            "Correlativo": 136,
            "TematicaGeneral": "Ruido y vibraciones",
            "Tematica": "CAV",
            "Componente": "Ruido y vibraciones",
            "Subcontrato": "OWNER TEAM",
            "Revisor": "Nicolas Ibañez",
            "Elaborador": "Chi-le Sun",
            "Estado": "En elaboración",
            "FechaEntrega": "2025-11-28"
        },
        {
            "Correlativo": 137,
            "TematicaGeneral": "Flora, fauna",
            "Tematica": "CAV",
            "Componente": "Misceláneas",
            "Subcontrato": "OWNER TEAM",
            "Revisor": "Chi-le Sun",
            "Elaborador": "Vivian Hernandez",
            "Estado": "En revisor técnico",
            "FechaEntrega": "2025-11-07"
        },
        {
            "Correlativo": 138,
            "TematicaGeneral": "Misceláneas",
            "Tematica": "CAV",
            "Componente": "Misceláneas",
            "Subcontrato": "OWNER TEAM",
            "Revisor": "Chi-le Sun",
            "Elaborador": "Nicolas Ibañez",
            "Estado": "En revisor técnico",
            "FechaEntrega": "2025-11-07"
        },
        {
            "Correlativo": 139,
            "TematicaGeneral": "Misceláneas",
            "Tematica": "CAV",
            "Componente": "CAV",
            "Subcontrato": "OWNER TEAM",
            "Revisor": "Chi-le Sun",
            "Elaborador": "Nicolas Ibañez",
            "Estado": "En revisor técnico",
            "FechaEntrega": "2025-11-07"
        },
        {
            "Correlativo": 140,
            "TematicaGeneral": "Medio humano",
            "Tematica": "CAV",
            "Componente": "CAV",
            "Subcontrato": "OWNER TEAM",
            "Revisor": "Vivian Hernandez",
            "Elaborador": "Gloria Arriagada",
            "Estado": "En revisor técnico",
            "FechaEntrega": "2025-11-07"
        },
        {
            "Correlativo": 141,
            "TematicaGeneral": "Medio humano",
            "Tematica": "CAV",
            "Componente": "CAV",
            "Subcontrato": "OWNER TEAM",
            "Revisor": "Vivian Hernandez",
            "Elaborador": "Gloria Arriagada",
            "Estado": "En revisor técnico",
            "FechaEntrega": "2025-11-07"
        },
        {
            "Correlativo": 142,
            "TematicaGeneral": "Medio humano",
            "Tematica": "CAV",
            "Componente": "CAV",
            "Subcontrato": "OWNER TEAM",
            "Revisor": "Vivian Hernandez",
            "Elaborador": "Gloria Arriagada",
            "Estado": "En revisor técnico",
            "FechaEntrega": "2025-11-07"
        },
        {
            "Correlativo": 143,
            "TematicaGeneral": "Misceláneas",
            "Tematica": "CAV",
            "Componente": "CAV",
            "Subcontrato": "OWNER TEAM",
            "Revisor": "Vivian Hernandez",
            "Elaborador": "Gloria Arriagada",
            "Estado": "En revisor técnico",
            "FechaEntrega": "2025-11-07"
        },
        {
            "Correlativo": 144,
            "TematicaGeneral": "Medio marino",
            "Tematica": "CAV",
            "Componente": "Medio marino",
            "Subcontrato": "MARISOL - Medio marino",
            "Revisor": "Vivian Hernandez",
            "Elaborador": "marisolcastrof",
            "Estado": "En revisor técnico",
            "FechaEntrega": "2025-11-07"
        },
        {
            "Correlativo": 145,
            "TematicaGeneral": "Medio marino",
            "Tematica": "CAV",
            "Componente": "Medio marino",
            "Subcontrato": "MARISOL - Medio marino",
            "Revisor": "Vivian Hernandez",
            "Elaborador": "marisolcastrof",
            "Estado": "En revisor técnico",
            "FechaEntrega": "2025-11-07"
        },
        {
            "Correlativo": 146,
            "TematicaGeneral": "Medio marino",
            "Tematica": "CAV",
            "Componente": "Medio marino",
            "Subcontrato": "MARISOL - Medio marino",
            "Revisor": "Vivian Hernandez",
            "Elaborador": "marisolcastrof",
            "Estado": "En cartografía",
            "FechaEntrega": "2025-11-07"
        },
        {
            "Correlativo": 147,
            "TematicaGeneral": "Fauna",
            "Tematica": "CAV",
            "Componente": "Fauna",
            "Subcontrato": "HUGO DÍAZ - Microrruteo y avifauna",
            "Revisor": "Chi-le Sun",
            "Elaborador": "hugodiazcl",
            "Estado": "En elaboración",
            "FechaEntrega": "2025-11-07"
        },
        {
            "Correlativo": 148,
            "TematicaGeneral": "Misceláneas",
            "Tematica": "CAV",
            "Componente": "CAV",
            "Subcontrato": "OWNER TEAM",
            "Revisor": "Vivian Hernandez",
            "Elaborador": "Gloria Arriagada",
            "Estado": "En revisor técnico",
            "FechaEntrega": "2025-11-07"
        },
        {
            "Correlativo": 149,
            "TematicaGeneral": "Misceláneas",
            "Tematica": "CAV",
            "Componente": "CAV",
            "Subcontrato": "OWNER TEAM",
            "Revisor": "Vivian Hernandez",
            "Elaborador": "Gloria Arriagada",
            "Estado": "En revisor técnico",
            "FechaEntrega": "2025-11-07"
        },
        {
            "Correlativo": 150,
            "TematicaGeneral": "Misceláneas",
            "Tematica": "CAV",
            "Componente": "CAV",
            "Subcontrato": "OWNER TEAM",
            "Revisor": "Vivian Hernandez",
            "Elaborador": "Gloria Arriagada",
            "Estado": "En revisor técnico",
            "FechaEntrega": "2025-11-07"
        },
        {
            "Correlativo": 151,
            "TematicaGeneral": "Misceláneas",
            "Tematica": "CAV",
            "Componente": "CAV",
            "Subcontrato": "OWNER TEAM",
            "Revisor": "Vivian Hernandez",
            "Elaborador": "Gloria Arriagada",
            "Estado": "En revisor técnico",
            "FechaEntrega": "2025-11-07"
        },
        {
            "Correlativo": 152,
            "TematicaGeneral": "Medio marino",
            "Tematica": "CAV",
            "Componente": "Medio marino",
            "Subcontrato": "MARISOL - Medio marino",
            "Revisor": "Vivian Hernandez",
            "Elaborador": "marisolcastrof",
            "Estado": "En revisor técnico",
            "FechaEntrega": "2025-11-14"
        },
        {
            "Correlativo": 153,
            "TematicaGeneral": "Fauna (Chinchilla)",
            "Tematica": "CAV",
            "Componente": "Fauna",
            "Subcontrato": "AMS - Chinchilla",
            "Revisor": "Chi-le Sun",
            "Elaborador": "hugodiazcl",
            "Estado": "En elaboración",
            "FechaEntrega": "2025-12-30"
        },
        {
            "Correlativo": 154,
            "TematicaGeneral": "Misceláneas",
            "Tematica": "CAV",
            "Componente": "Misceláneas",
            "Subcontrato": "OWNER TEAM",
            "Revisor": "Vivian Hernandez",
            "Elaborador": "Chi-le Sun",
            "Estado": "En revisor técnico",
            "FechaEntrega": "2025-11-07"
        },
        {
            "Correlativo": 155,
            "TematicaGeneral": "Actualización capítulo",
            "Tematica": "CAV",
            "Componente": "Misceláneas",
            "Subcontrato": "OWNER TEAM",
            "Revisor": "Vivian Hernandez",
            "Elaborador": "Chi-le Sun",
            "Estado": "En elaboración",
            "FechaEntrega": "2025-12-12"
        },
        {
            "Correlativo": 156,
            "TematicaGeneral": "Actualización capítulo",
            "Tematica": "Tabla comparativa AD/ADC/ADE",
            "Componente": "Descripción proyecto",
            "Subcontrato": "OWNER TEAM",
            "Revisor": "Nicolas Ibañez",
            "Elaborador": "Felipe Lobo",
            "Estado": "En elaboración",
            "FechaEntrega": "2025-12-12"
        },
        {
            "Correlativo": 157,
            "TematicaGeneral": "Misceláneas",
            "Tematica": "Consideraciones SEA",
            "Componente": "Misceláneas",
            "Subcontrato": "OWNER TEAM",
            "Revisor": "Vivian Hernandez",
            "Elaborador": "Chi-le Sun",
            "Estado": "En elaboración",
            "FechaEntrega": "2025-12-12"
        },
        {
            "Correlativo": 158,
            "TematicaGeneral": "Misceláneas",
            "Tematica": "Consideraciones SEA",
            "Componente": "Misceláneas",
            "Subcontrato": "OWNER TEAM",
            "Revisor": "Vivian Hernandez",
            "Elaborador": "Chi-le Sun",
            "Estado": "En revisor técnico",
            "FechaEntrega": "2025-11-07"
        },
        {
            "Correlativo": 159,
            "TematicaGeneral": "Misceláneas",
            "Tematica": "Consideraciones SEA",
            "Componente": "Misceláneas",
            "Subcontrato": "OWNER TEAM",
            "Revisor": "Vivian Hernandez",
            "Elaborador": "Chi-le Sun",
            "Estado": "En revisor técnico",
            "FechaEntrega": "2025-11-07"
        },
        {
            "Correlativo": 160,
            "TematicaGeneral": "Misceláneas",
            "Tematica": "Consideraciones SEA",
            "Componente": "Misceláneas",
            "Subcontrato": "OWNER TEAM",
            "Revisor": "Vivian Hernandez",
            "Elaborador": "Chi-le Sun",
            "Estado": "En elaboración",
            "FechaEntrega": "2025-12-12"
        },
        {
            "Correlativo": 161,
            "TematicaGeneral": "Misceláneas",
            "Tematica": "Consideraciones SEA",
            "Componente": "Misceláneas",
            "Subcontrato": "OWNER TEAM",
            "Revisor": "Vivian Hernandez",
            "Elaborador": "Chi-le Sun",
            "Estado": "En elaboración",
            "FechaEntrega": "2025-12-12"
        },
        {
            "Correlativo": 162,
            "TematicaGeneral": "Misceláneas",
            "Tematica": "Consideraciones SEA",
            "Componente": "Misceláneas",
            "Subcontrato": "OWNER TEAM",
            "Revisor": "Vivian Hernandez",
            "Elaborador": "Chi-le Sun",
            "Estado": "En revisor técnico",
            "FechaEntrega": "2025-11-07"
        },
        {
            "Correlativo": 163,
            "TematicaGeneral": "Descripción proyecto",
            "Tematica": "Descripción de Proyecto",
            "Componente": "Descripción proyecto",
            "Subcontrato": "OWNER TEAM",
            "Revisor": "Chi-le Sun",
            "Elaborador": "Nicolas Ibañez",
            "Estado": "En revisor técnico",
            "FechaEntrega": "2025-11-07"
        },
        {
            "Correlativo": 164,
            "TematicaGeneral": "Actualización capítulo",
            "Tematica": "Tabla Resumen",
            "Componente": "Todas",
            "Subcontrato": "OWNER TEAM",
            "Revisor": "Nicolas Ibañez",
            "Elaborador": "Felipe Lobo",
            "Estado": "En elaboración",
            "FechaEntrega": "2025-12-05"
        },
        {
            "Correlativo": 165,
            "TematicaGeneral": "Flora, fauna",
            "Tematica": "LdB Fauna",
            "Componente": "Flora, fauna",
            "Subcontrato": "HUGO DÍAZ - Microrruteo y avifauna",
            "Revisor": "Chi-le Sun",
            "Elaborador": "hugodiazcl",
            "Estado": "En elaboración",
            "FechaEntrega": "2025-12-05"
        },
        {
            "Correlativo": 166,
            "TematicaGeneral": "Flora, fauna",
            "Tematica": "LdB Fauna",
            "Componente": "Flora, fauna",
            "Subcontrato": "HUGO DÍAZ - Microrruteo y avifauna",
            "Revisor": "Chi-le Sun",
            "Elaborador": "hugodiazcl",
            "Estado": "En elaboración",
            "FechaEntrega": "2025-12-05"
        },
        {
            "Correlativo": 167,
            "TematicaGeneral": "Flora, fauna",
            "Tematica": "LdB Fauna",
            "Componente": "Flora, fauna",
            "Subcontrato": "HUGO DÍAZ - Microrruteo y avifauna",
            "Revisor": "Chi-le Sun",
            "Elaborador": "hugodiazcl",
            "Estado": "En elaboración",
            "FechaEntrega": "2025-12-05"
        },
        {
            "Correlativo": 168,
            "TematicaGeneral": "Flora, fauna",
            "Tematica": "LdB Fauna",
            "Componente": "Flora, fauna",
            "Subcontrato": "HUGO DÍAZ - Microrruteo y avifauna",
            "Revisor": "Chi-le Sun",
            "Elaborador": "hugodiazcl",
            "Estado": "En elaboración",
            "FechaEntrega": "2025-12-05"
        },
        {
            "Correlativo": 169,
            "TematicaGeneral": "Medio humano",
            "Tematica": "Medidas",
            "Componente": "Medio humano",
            "Subcontrato": "OWNER TEAM",
            "Revisor": "Vivian Hernandez",
            "Elaborador": "Gloria Arriagada",
            "Estado": "En revisor técnico",
            "FechaEntrega": "2025-11-07"
        },
        {
            "Correlativo": 170,
            "TematicaGeneral": "Flora, fauna",
            "Tematica": "Medidas",
            "Componente": "Flora, fauna",
            "Subcontrato": "HUGO DÍAZ - Microrruteo y avifauna",
            "Revisor": "Chi-le Sun",
            "Elaborador": "hugodiazcl",
            "Estado": "En elaboración",
            "FechaEntrega": "2025-12-05"
        },
        {
            "Correlativo": 171,
            "TematicaGeneral": "Flora, fauna",
            "Tematica": "Medidas",
            "Componente": "Misceláneas",
            "Subcontrato": "HUGO DÍAZ - Microrruteo y avifauna",
            "Revisor": "Chi-le Sun",
            "Elaborador": "hugodiazcl",
            "Estado": "En elaboración",
            "FechaEntrega": "2025-11-28"
        },
        {
            "Correlativo": 172,
            "TematicaGeneral": "Medio marino",
            "Tematica": "Impactos medio marino",
            "Componente": "Misceláneas",
            "Subcontrato": "MARISOL - Medio marino",
            "Revisor": "Vivian Hernandez",
            "Elaborador": "marisolcastrof",
            "Estado": "En elaboración",
            "FechaEntrega": "2025-12-19"
        },
        {
            "Correlativo": 173,
            "TematicaGeneral": "Fauna",
            "Tematica": "Análisis impacto",
            "Componente": "Misceláneas",
            "Subcontrato": "HUGO DÍAZ - Microrruteo y avifauna",
            "Revisor": "Chi-le Sun",
            "Elaborador": "hugodiazcl",
            "Estado": "En elaboración",
            "FechaEntrega": "2025-12-19"
        },
        {
            "Correlativo": 174,
            "TematicaGeneral": "Medio marino",
            "Tematica": "Análisis impacto",
            "Componente": "Misceláneas",
            "Subcontrato": "MARISOL - Medio marino",
            "Revisor": "Vivian Hernandez",
            "Elaborador": "marisolcastrof",
            "Estado": "En elaboración",
            "FechaEntrega": "2025-12-12"
        },
        {
            "Correlativo": 175,
            "TematicaGeneral": "Medio marino",
            "Tematica": "Ldb Medio Marino",
            "Componente": "Misceláneas",
            "Subcontrato": "MARISOL - Medio marino",
            "Revisor": "Vivian Hernandez",
            "Elaborador": "marisolcastrof",
            "Estado": "En elaboración",
            "FechaEntrega": "2025-12-12"
        },
        {
            "Correlativo": 176,
            "TematicaGeneral": "Medio marino",
            "Tematica": "Pluma dispersión agua rechazo",
            "Componente": "Misceláneas",
            "Subcontrato": "MARISOL - Medio marino",
            "Revisor": "Vivian Hernandez",
            "Elaborador": "marisolcastrof",
            "Estado": "En elaboración",
            "FechaEntrega": "2025-12-12"
        },
        {
            "Correlativo": 177,
            "TematicaGeneral": "Actualización capítulo",
            "Tematica": "Tabla Resumen",
            "Componente": "Misceláneas",
            "Subcontrato": "OWNER TEAM",
            "Revisor": "Felipe Lobo",
            "Elaborador": "Danilo Ortiz",
            "Estado": "En elaboración",
            "FechaEntrega": "2025-11-28"
        },
        {
            "Correlativo": 178,
            "TematicaGeneral": "Misceláneas",
            "Tematica": "Consideraciones SEA",
            "Componente": "Descripción proyecto",
            "Subcontrato": "OWNER TEAM",
            "Revisor": "Nicolas Ibañez",
            "Elaborador": "Chi-le Sun",
            "Estado": "En cartografía",
            "FechaEntrega": "2025-11-07"
        }
    ]
}